CALENDAR DATE,CALENDAR TIME,SYMBOL,LAST PRICE,LAST SHARES,LAST PRICE
7/20/2009,40014.4306,F2 CL\U09,65.25,1,0
7/20/2009,40014.43421,F2 CL\U09,65.23,2,1
7/20/2009,40014.43763,F2 CL\U09,65.14,2,0
7/20/2009,40014.44103,F2 CL\U09,64.88,1,1
7/20/2009,40014.44103,F2 CL\U09,64.88,2,1
7/20/2009,40014.44452,F2 CL\U09,64.94,1,0
7/20/2009,40014.45143,F2 CL\U09,64.66,2,1
7/20/2009,40014.46186,F2 CL\U09,64.56,1,1
7/20/2009,40014.46532,F2 CL\U09,64.43,2,1
7/20/2009,40014.46532,F2 CL\U09,64.43,1,1
7/20/2009,40014.46879,F2 CL\U09,64.46,1,0
7/20/2009,40014.47417,F2 CL\U09,64.61,3,0
7/20/2009,40014.4792,F2 CL\U09,64.84,1,0
7/20/2009,40014.4792,F2 CL\U09,64.84,1,0
7/20/2009,40014.48615,F2 CL\U09,64.75,1,1
7/20/2009,40014.48615,F2 CL\U09,64.75,1,1
7/20/2009,40014.48963,F2 CL\U09,64.88,1,0
7/20/2009,40014.48963,F2 CL\U09,64.88,1,0
7/20/2009,40014.49658,F2 CL\U09,64.74,2,1
7/20/2009,40014.50351,F2 CL\U09,64.85,1,0
7/20/2009,40014.50351,F2 CL\U09,64.85,1,0
7/20/2009,40014.5072,F2 CL\U09,64.79,1,1
7/20/2009,40014.51046,F2 CL\U09,64.89,1,0
7/20/2009,40014.51399,F2 CL\U09,65.08,1,0
7/20/2009,40014.51399,F2 CL\U09,65.08,1,0
7/20/2009,40014.52788,F2 CL\U09,65.17,1,1
7/20/2009,40014.52789,F2 CL\U09,65.17,1,1
7/20/2009,40014.53131,F2 CL\U09,65.36,1,0
7/20/2009,40014.53131,F2 CL\U09,65.36,2,0
7/20/2009,40014.53486,F2 CL\U09,65.29,2,1
7/20/2009,40014.53824,F2 CL\U09,65.41,1,0
7/20/2009,40014.53824,F2 CL\U09,65.41,1,0
7/20/2009,40014.54521,F2 CL\U09,65.2,3,1
7/20/2009,40014.54954,F2 CL\U09,65.11,1,0
7/20/2009,40014.54956,F2 CL\U09,65.11,1,0
7/20/2009,40014.55215,F2 CL\U09,65.03,1,1
7/20/2009,40014.55215,F2 CL\U09,65.03,1,1
7/20/2009,40014.56603,F2 CL\U09,64.79,1,1
7/20/2009,40014.57299,F2 CL\U09,64.86,1,0
7/20/2009,40014.57646,F2 CL\U09,65.07,1,0
7/20/2009,40014.57646,F2 CL\U09,65.07,1,0
7/20/2009,40014.5799,F2 CL\U09,65.11,1,1
7/20/2009,40014.58338,F2 CL\U09,65.24,1,1
7/20/2009,40014.58686,F2 CL\U09,65.37,3,0
7/20/2009,40014.59061,F2 CL\U09,65.43,2,1
7/20/2009,40014.59482,F2 CL\U09,65.55,2,0
7/20/2009,40014.59482,F2 CL\U09,65.55,1,0
7/20/2009,40014.59736,F2 CL\U09,65.54,1,1
7/20/2009,40014.60421,F2 CL\U09,65.29,2,1
7/20/2009,40014.60421,F2 CL\U09,65.29,1,1
7/20/2009,40014.63199,F2 CL\U09,65.39,1,0
7/20/2009,40014.63199,F2 CL\U09,65.39,1,0
7/20/2009,40014.63687,F2 CL\U09,65.33,2,1
7/20/2009,40014.64594,F2 CL\U09,65.37,1,0
7/20/2009,40014.64983,F2 CL\U09,65.35,1,1
7/20/2009,40014.6806,F2 CL\U09,65.43,1,0
7/20/2009,40014.68779,F2 CL\U09,65.45,1,0
7/20/2009,40014.69523,F2 CL\U09,65.4,3,1
7/20/2009,40014.69861,F2 CL\U09,65.38,1,0
7/20/2009,40014.69901,F2 CL\U09,65.38,1,0
7/20/2009,40014.70145,F2 CL\U09,65.36,1,1
7/21/2009,40015.25004,F2 CL\U09,65.18,1,1
7/21/2009,40015.25378,F2 CL\U09,65.25,1,1
7/21/2009,40015.26394,F2 CL\U09,65.25,1,1
7/21/2009,40015.28488,F2 CL\U09,65.14,1,1
7/21/2009,40015.2883,F2 CL\U09,65.28,1,0
7/21/2009,40015.30565,F2 CL\U09,65.2,1,1
7/21/2009,40015.31601,F2 CL\U09,65.43,1,0
7/21/2009,40015.31601,F2 CL\U09,65.43,1,0
7/21/2009,40015.31601,F2 CL\U09,65.43,1,0
7/21/2009,40015.31948,F2 CL\U09,65.5,1,0
7/21/2009,40015.31948,F2 CL\U09,65.5,1,0
7/21/2009,40015.33017,F2 CL\U09,65.62,1,1
7/21/2009,40015.33687,F2 CL\U09,65.88,1,1
7/21/2009,40015.35768,F2 CL\U09,66.15,1,0
7/21/2009,40015.36118,F2 CL\U09,66.03,1,0
7/21/2009,40015.36809,F2 CL\U09,66.04,1,1
7/21/2009,40015.37157,F2 CL\U09,66.08,1,0
7/21/2009,40015.37548,F2 CL\U09,66.11,1,1
7/21/2009,40015.37549,F2 CL\U09,66.11,1,1
7/21/2009,40015.37857,F2 CL\U09,66.31,1,0
7/21/2009,40015.38198,F2 CL\U09,66.6,1,0
7/21/2009,40015.38546,F2 CL\U09,66.37,1,1
7/21/2009,40015.38909,F2 CL\U09,66.38,1,0
7/21/2009,40015.38909,F2 CL\U09,66.38,2,0
7/21/2009,40015.3924,F2 CL\U09,66.17,1,1
7/21/2009,40015.39589,F2 CL\U09,66.38,1,0
7/21/2009,40015.40281,F2 CL\U09,66.25,1,1
7/21/2009,40015.40281,F2 CL\U09,66.25,1,1
7/21/2009,40015.4063,F2 CL\U09,66.05,1,1
7/21/2009,40015.4063,F2 CL\U09,66.05,1,1
7/21/2009,40015.4063,F2 CL\U09,66.05,1,1
7/21/2009,40015.40976,F2 CL\U09,65.92,1,1
7/21/2009,40015.41326,F2 CL\U09,65.92,1,1
7/21/2009,40015.4167,F2 CL\U09,66.11,1,0
7/21/2009,40015.41671,F2 CL\U09,66.11,1,0
7/21/2009,40015.42019,F2 CL\U09,65.74,1,1
7/21/2009,40015.43755,F2 CL\U09,65.88,1,0
7/21/2009,40015.45145,F2 CL\U09,65.75,1,1
7/21/2009,40015.45145,F2 CL\U09,65.75,1,1
7/21/2009,40015.45669,F2 CL\U09,65.76,1,0
7/21/2009,40015.5938,F2 CL\U09,65.7,1,0
7/21/2009,40015.5938,F2 CL\U09,65.7,1,0
7/21/2009,40015.60114,F2 CL\U09,65.5,2,0
7/21/2009,40015.60421,F2 CL\U09,65.61,1,1
7/21/2009,40015.61529,F2 CL\U09,65.55,1,1
7/21/2009,40015.61812,F2 CL\U09,65.59,1,0
7/21/2009,40015.62919,F2 CL\U09,65.61,1,1
7/21/2009,40015.6424,F2 CL\U09,65.56,1,0
7/21/2009,40015.66671,F2 CL\U09,65.64,1,1
7/21/2009,40015.6806,F2 CL\U09,65.76,2,1
7/21/2009,40015.6807,F2 CL\U09,65.76,1,1
7/21/2009,40015.69104,F2 CL\U09,65.22,2,0
7/21/2009,40015.69505,F2 CL\U09,65.15,1,0
7/21/2009,40015.69797,F2 CL\U09,65.01,2,1
7/22/2009,40016.0904,F2 CL\U09,65.21,1,0
7/22/2009,40016.0904,F2 CL\U09,65.21,1,0
7/22/2009,40016.0904,F2 CL\U09,65.21,1,0
7/22/2009,40016.10438,F2 CL\U09,65.32,1,0
7/22/2009,40016.10441,F2 CL\U09,65.32,1,0
7/22/2009,40016.10799,F2 CL\U09,65.29,1,1
7/22/2009,40016.11234,F2 CL\U09,65.22,1,1
7/22/2009,40016.12894,F2 CL\U09,65.05,3,1
7/22/2009,40016.13217,F2 CL\U09,65.09,2,0
7/22/2009,40016.13933,F2 CL\U09,65.03,1,1
7/22/2009,40016.14587,F2 CL\U09,64.9,1,1
7/22/2009,40016.14587,F2 CL\U09,64.9,1,1
7/22/2009,40016.15633,F2 CL\U09,64.75,1,0
7/22/2009,40016.15975,F2 CL\U09,64.78,1,1
7/22/2009,40016.17382,F2 CL\U09,64.88,1,0
7/22/2009,40016.18406,F2 CL\U09,64.82,1,1
7/22/2009,40016.19589,F2 CL\U09,64.71,1,0
7/22/2009,40016.2049,F2 CL\U09,64.49,1,0
7/22/2009,40016.20844,F2 CL\U09,64.51,1,1
7/22/2009,40016.21881,F2 CL\U09,64.59,1,0
7/22/2009,40016.22226,F2 CL\U09,64.66,1,0
7/22/2009,40016.22574,F2 CL\U09,64.62,1,1
7/22/2009,40016.23229,F2 CL\U09,64.65,1,0
7/22/2009,40016.23275,F2 CL\U09,64.59,1,1
7/22/2009,40016.23628,F2 CL\U09,64.6,1,0
7/22/2009,40016.24312,F2 CL\U09,64.75,1,1
7/22/2009,40016.27787,F2 CL\U09,64.88,1,0
7/22/2009,40016.28128,F2 CL\U09,64.79,1,1
7/22/2009,40016.31254,F2 CL\U09,64.87,1,0
7/22/2009,40016.316,F2 CL\U09,64.99,1,0
7/22/2009,40016.31948,F2 CL\U09,65.04,1,1
7/22/2009,40016.32295,F2 CL\U09,65.07,1,0
7/22/2009,40016.3343,F2 CL\U09,64.92,1,1
7/22/2009,40016.34726,F2 CL\U09,64.48,1,1
7/22/2009,40016.35073,F2 CL\U09,64.54,1,1
7/22/2009,40016.3542,F2 CL\U09,64.58,1,0
7/22/2009,40016.36115,F2 CL\U09,64.39,2,0
7/22/2009,40016.36115,F2 CL\U09,64.38,1,0
7/22/2009,40016.36463,F2 CL\U09,64.44,1,1
7/22/2009,40016.36469,F2 CL\U09,64.44,1,1
7/22/2009,40016.36469,F2 CL\U09,64.44,1,1
7/22/2009,40016.36498,F2 CL\U09,64.44,1,1
7/22/2009,40016.36498,F2 CL\U09,64.44,1,1
7/22/2009,40016.3681,F2 CL\U09,64.38,1,0
7/22/2009,40016.37158,F2 CL\U09,64.17,3,0
7/22/2009,40016.38211,F2 CL\U09,64.52,1,1
7/22/2009,40016.38546,F2 CL\U09,64.47,1,0
7/22/2009,40016.38893,F2 CL\U09,64.32,1,1
7/22/2009,40016.39587,F2 CL\U09,63.93,1,0
7/22/2009,40016.39587,F2 CL\U09,63.93,2,0
7/22/2009,40016.39587,F2 CL\U09,63.93,1,0
7/22/2009,40016.40633,F2 CL\U09,64.16,1,1
7/22/2009,40016.41349,F2 CL\U09,64.52,1,1
7/22/2009,40016.41349,F2 CL\U09,64.52,1,1
7/22/2009,40016.43065,F2 CL\U09,64.4,1,1
7/22/2009,40016.43407,F2 CL\U09,64.69,1,0
7/22/2009,40016.43754,F2 CL\U09,64.51,1,1
7/22/2009,40016.44802,F2 CL\U09,64.42,1,0
7/22/2009,40016.45143,F2 CL\U09,64.58,1,1
7/22/2009,40016.45494,F2 CL\U09,64.74,1,0
7/22/2009,40016.45883,F2 CL\U09,65.13,1,1
7/22/2009,40016.45883,F2 CL\U09,65.13,1,1
7/22/2009,40016.46201,F2 CL\U09,65.47,1,1
7/22/2009,40016.46531,F2 CL\U09,65.72,1,1
7/22/2009,40016.46531,F2 CL\U09,65.72,1,1
7/22/2009,40016.46991,F2 CL\U09,65.59,2,0
7/22/2009,40016.4827,F2 CL\U09,65.34,2,1
7/22/2009,40016.48616,F2 CL\U09,65.29,1,1
7/22/2009,40016.49317,F2 CL\U09,64.88,1,0
7/22/2009,40016.49317,F2 CL\U09,64.88,4,0
7/22/2009,40016.49317,F2 CL\U09,64.88,1,0
7/22/2009,40016.50239,F2 CL\U09,64.99,1,1
7/22/2009,40016.50239,F2 CL\U09,64.99,1,1
7/22/2009,40016.50357,F2 CL\U09,64.97,1,0
7/22/2009,40016.50701,F2 CL\U09,65.2,4,1
7/22/2009,40016.51046,F2 CL\U09,65.17,1,0
7/22/2009,40016.51394,F2 CL\U09,65.33,1,1
7/22/2009,40016.52088,F2 CL\U09,65.51,1,0
7/22/2009,40016.52782,F2 CL\U09,65.43,1,1
7/22/2009,40016.5313,F2 CL\U09,65.55,1,0
7/22/2009,40016.54177,F2 CL\U09,65.22,1,1
7/22/2009,40016.54518,F2 CL\U09,65.14,1,0
7/22/2009,40016.54866,F2 CL\U09,65.38,1,1
7/22/2009,40016.55937,F2 CL\U09,65.15,1,0
7/22/2009,40016.56254,F2 CL\U09,65.27,1,1
7/22/2009,40016.56949,F2 CL\U09,65.39,1,0
7/22/2009,40016.57654,F2 CL\U09,65.26,1,1
7/22/2009,40016.57991,F2 CL\U09,65.4,1,0
7/22/2009,40016.58338,F2 CL\U09,65.56,1,0
7/22/2009,40016.58819,F2 CL\U09,65.22,2,1
7/22/2009,40016.59032,F2 CL\U09,65.03,1,0
7/22/2009,40016.59032,F2 CL\U09,65.02,1,0
7/22/2009,40016.59032,F2 CL\U09,65.02,1,0
7/22/2009,40016.59379,F2 CL\U09,65.22,1,1
7/22/2009,40016.59379,F2 CL\U09,65.22,2,1
7/22/2009,40016.60074,F2 CL\U09,65.08,2,0
7/22/2009,40016.60422,F2 CL\U09,65.41,1,1
7/22/2009,40016.60422,F2 CL\U09,65.41,1,1
7/22/2009,40016.60422,F2 CL\U09,65.41,1,1
7/22/2009,40016.61128,F2 CL\U09,65.2,1,0
7/22/2009,40016.62505,F2 CL\U09,65.39,1,0
7/22/2009,40016.62519,F2 CL\U09,65.39,1,0
7/22/2009,40016.62932,F2 CL\U09,65.36,1,1
7/22/2009,40016.63208,F2 CL\U09,65.33,1,1
7/22/2009,40016.63547,F2 CL\U09,65.38,1,0
7/22/2009,40016.6414,F2 CL\U09,65.3,1,1
7/22/2009,40016.64492,F2 CL\U09,65.32,1,0
7/22/2009,40016.64592,F2 CL\U09,65.31,1,1
7/22/2009,40016.64935,F2 CL\U09,65.31,1,0
7/22/2009,40016.66026,F2 CL\U09,65.31,1,1
7/22/2009,40016.67032,F2 CL\U09,65.36,1,0
7/22/2009,40016.67366,F2 CL\U09,65.34,1,1
7/22/2009,40016.6806,F2 CL\U09,65.3,1,1
7/22/2009,40016.68454,F2 CL\U09,65.31,1,0
7/22/2009,40016.69801,F2 CL\U09,65.36,1,0
7/23/2009,40017.09378,F2 CL\U09,65.49,1,0
7/23/2009,40017.10429,F2 CL\U09,65.61,1,1
7/23/2009,40017.10438,F2 CL\U09,65.61,1,1
7/23/2009,40017.10438,F2 CL\U09,65.61,1,1
7/23/2009,40017.11119,F2 CL\U09,65.5,2,0
7/23/2009,40017.11119,F2 CL\U09,65.5,1,0
7/23/2009,40017.11482,F2 CL\U09,65.4,2,1
7/23/2009,40017.12177,F2 CL\U09,65.39,3,0
7/23/2009,40017.12507,F2 CL\U09,65.52,1,1
7/23/2009,40017.12851,F2 CL\U09,65.55,1,1
7/23/2009,40017.13198,F2 CL\U09,65.44,1,0
7/23/2009,40017.13198,F2 CL\U09,65.44,1,0
7/23/2009,40017.13568,F2 CL\U09,65.53,1,1
7/23/2009,40017.13892,F2 CL\U09,65.42,1,1
7/23/2009,40017.1424,F2 CL\U09,65.45,1,0
7/23/2009,40017.1424,F2 CL\U09,65.45,1,0
7/23/2009,40017.15288,F2 CL\U09,65.5,1,1
7/23/2009,40017.15629,F2 CL\U09,65.48,1,0
7/23/2009,40017.15991,F2 CL\U09,65.43,1,1
7/23/2009,40017.16347,F2 CL\U09,65.35,1,1
7/23/2009,40017.1667,F2 CL\U09,65.32,1,1
7/23/2009,40017.17018,F2 CL\U09,65.46,1,0
7/23/2009,40017.17018,F2 CL\U09,65.46,1,0
7/23/2009,40017.17399,F2 CL\U09,65.44,1,0
7/23/2009,40017.17712,F2 CL\U09,65.45,1,0
7/23/2009,40017.18794,F2 CL\U09,65.4,2,1
7/23/2009,40017.18835,F2 CL\U09,65.4,1,1
7/23/2009,40017.191,F2 CL\U09,65.36,1,0
7/23/2009,40017.19448,F2 CL\U09,65.41,1,1
7/23/2009,40017.1981,F2 CL\U09,65.42,1,0
7/23/2009,40017.20492,F2 CL\U09,65.5,1,0
7/23/2009,40017.20837,F2 CL\U09,65.51,1,1
7/23/2009,40017.21185,F2 CL\U09,65.46,1,0
7/23/2009,40017.21214,F2 CL\U09,65.46,1,0
7/23/2009,40017.21531,F2 CL\U09,65.48,1,1
7/23/2009,40017.2188,F2 CL\U09,65.45,1,0
7/23/2009,40017.22226,F2 CL\U09,65.43,1,1
7/23/2009,40017.22678,F2 CL\U09,65.46,1,0
7/23/2009,40017.22922,F2 CL\U09,65.37,1,1
7/23/2009,40017.23633,F2 CL\U09,65.39,1,0
7/23/2009,40017.23962,F2 CL\U09,65.36,1,1
7/23/2009,40017.23962,F2 CL\U09,65.36,1,1
7/23/2009,40017.25366,F2 CL\U09,65.21,1,1
7/23/2009,40017.25893,F2 CL\U09,65.27,1,1
7/23/2009,40017.26393,F2 CL\U09,65.25,1,1
7/23/2009,40017.26741,F2 CL\U09,65.17,1,0
7/23/2009,40017.27087,F2 CL\U09,64.97,1,0
7/23/2009,40017.27087,F2 CL\U09,64.97,1,0
7/23/2009,40017.27087,F2 CL\U09,64.97,1,0
7/23/2009,40017.27087,F2 CL\U09,64.97,2,0
7/23/2009,40017.27087,F2 CL\U09,64.97,1,0
7/23/2009,40017.28084,F2 CL\U09,65.01,1,1
7/23/2009,40017.28084,F2 CL\U09,65.01,2,1
7/23/2009,40017.28129,F2 CL\U09,64.98,3,0
7/23/2009,40017.28482,F2 CL\U09,64.93,1,0
7/23/2009,40017.29175,F2 CL\U09,64.96,1,0
7/23/2009,40017.2952,F2 CL\U09,65.06,1,1
7/23/2009,40017.29524,F2 CL\U09,65.06,1,1
7/23/2009,40017.29524,F2 CL\U09,65.06,1,1
7/23/2009,40017.29524,F2 CL\U09,65.06,1,1
7/23/2009,40017.29525,F2 CL\U09,65.06,1,1
7/23/2009,40017.29525,F2 CL\U09,65.06,1,1
7/23/2009,40017.29525,F2 CL\U09,65.06,1,1
7/23/2009,40017.3006,F2 CL\U09,64.95,2,0
7/23/2009,40017.30063,F2 CL\U09,64.95,2,0
7/23/2009,40017.30063,F2 CL\U09,64.95,4,0
7/23/2009,40017.30241,F2 CL\U09,64.99,4,1
7/23/2009,40017.30563,F2 CL\U09,64.93,3,0
7/23/2009,40017.31262,F2 CL\U09,65.06,1,1
7/23/2009,40017.31601,F2 CL\U09,65.24,1,1
7/23/2009,40017.31601,F2 CL\U09,65.24,1,1
7/23/2009,40017.31602,F2 CL\U09,65.24,1,1
7/23/2009,40017.31602,F2 CL\U09,65.24,2,1
7/23/2009,40017.31602,F2 CL\U09,65.24,1,1
7/23/2009,40017.31605,F2 CL\U09,65.24,2,1
7/23/2009,40017.31605,F2 CL\U09,65.24,1,1
7/23/2009,40017.32123,F2 CL\U09,65.17,2,0
7/23/2009,40017.32333,F2 CL\U09,65.22,1,1
7/23/2009,40017.32642,F2 CL\U09,65.13,1,0
7/23/2009,40017.32642,F2 CL\U09,65.13,1,0
7/23/2009,40017.32994,F2 CL\U09,64.95,1,0
7/23/2009,40017.33229,F2 CL\U09,64.95,1,0
7/23/2009,40017.33229,F2 CL\U09,64.95,1,0
7/23/2009,40017.33229,F2 CL\U09,64.95,1,0
7/23/2009,40017.33229,F2 CL\U09,64.95,4,0
7/23/2009,40017.33347,F2 CL\U09,65.04,4,1
7/23/2009,40017.33347,F2 CL\U09,65.04,3,1
7/23/2009,40017.33684,F2 CL\U09,65.05,1,1
7/23/2009,40017.34753,F2 CL\U09,65.14,1,1
7/23/2009,40017.35769,F2 CL\U09,65.06,1,0
7/23/2009,40017.36122,F2 CL\U09,65.38,2,0
7/23/2009,40017.36462,F2 CL\U09,65.17,3,1
7/23/2009,40017.3682,F2 CL\U09,65.21,1,1
7/23/2009,40017.37163,F2 CL\U09,64.98,1,0
7/23/2009,40017.37164,F2 CL\U09,64.98,1,0
7/23/2009,40017.37165,F2 CL\U09,64.98,1,0
7/23/2009,40017.37165,F2 CL\U09,64.98,1,0
7/23/2009,40017.37165,F2 CL\U09,64.98,3,0
7/23/2009,40017.37503,F2 CL\U09,65.13,1,1
7/23/2009,40017.37503,F2 CL\U09,65.13,1,1
7/23/2009,40017.37503,F2 CL\U09,65.13,2,1
7/23/2009,40017.37503,F2 CL\U09,65.13,1,1
7/23/2009,40017.37503,F2 CL\U09,65.13,1,1
7/23/2009,40017.38546,F2 CL\U09,64.7,1,0
7/23/2009,40017.38546,F2 CL\U09,64.7,1,0
7/23/2009,40017.38546,F2 CL\U09,64.7,1,0
7/23/2009,40017.38546,F2 CL\U09,64.7,1,0
7/23/2009,40017.38546,F2 CL\U09,64.7,3,0
7/23/2009,40017.38546,F2 CL\U09,64.7,4,0
7/23/2009,40017.3924,F2 CL\U09,64.64,1,0
7/23/2009,40017.39589,F2 CL\U09,64.5,4,1
7/23/2009,40017.39935,F2 CL\U09,64.75,1,0
7/23/2009,40017.39935,F2 CL\U09,64.74,1,0
7/23/2009,40017.39935,F2 CL\U09,64.74,1,0
7/23/2009,40017.39935,F2 CL\U09,64.74,1,0
7/23/2009,40017.40291,F2 CL\U09,64.88,1,1
7/23/2009,40017.40291,F2 CL\U09,64.88,1,1
7/23/2009,40017.40291,F2 CL\U09,64.88,1,1
7/23/2009,40017.40978,F2 CL\U09,64.95,1,1
7/23/2009,40017.41324,F2 CL\U09,64.82,1,0
7/23/2009,40017.41324,F2 CL\U09,64.82,1,0
7/23/2009,40017.41687,F2 CL\U09,65.07,1,1
7/23/2009,40017.41687,F2 CL\U09,65.07,1,1
7/23/2009,40017.41687,F2 CL\U09,65.07,1,1
7/23/2009,40017.41687,F2 CL\U09,65.07,1,1
7/23/2009,40017.41687,F2 CL\U09,65.07,5,1
7/23/2009,40017.42368,F2 CL\U09,65.24,3,1
7/23/2009,40017.42368,F2 CL\U09,65.24,1,1
7/23/2009,40017.42715,F2 CL\U09,65.51,7,0
7/23/2009,40017.4306,F2 CL\U09,66.11,1,1
7/23/2009,40017.4306,F2 CL\U09,66.11,1,1
7/23/2009,40017.43411,F2 CL\U09,66.17,2,0
7/23/2009,40017.43755,F2 CL\U09,66.02,1,1
7/23/2009,40017.43755,F2 CL\U09,66.02,1,1
7/23/2009,40017.43755,F2 CL\U09,66.02,1,1
7/23/2009,40017.44111,F2 CL\U09,66.23,1,0
7/23/2009,40017.44111,F2 CL\U09,66.23,1,0
7/23/2009,40017.44449,F2 CL\U09,66.29,1,0
7/23/2009,40017.4481,F2 CL\U09,66.06,1,1
7/23/2009,40017.45144,F2 CL\U09,65.98,1,1
7/23/2009,40017.4549,F2 CL\U09,66.01,1,0
7/23/2009,40017.45837,F2 CL\U09,66.07,1,0
7/23/2009,40017.46185,F2 CL\U09,66.25,1,1
7/23/2009,40017.46532,F2 CL\U09,66.31,1,0
7/23/2009,40017.46881,F2 CL\U09,66.51,1,1
7/23/2009,40017.47226,F2 CL\U09,66.41,1,0
7/23/2009,40017.47921,F2 CL\U09,66.66,2,1
7/23/2009,40017.48268,F2 CL\U09,66.58,1,0
7/23/2009,40017.48268,F2 CL\U09,66.58,2,0
7/23/2009,40017.48268,F2 CL\U09,66.58,1,0
7/23/2009,40017.48965,F2 CL\U09,66.92,4,1
7/23/2009,40017.49685,F2 CL\U09,66.83,1,0
7/23/2009,40017.50414,F2 CL\U09,66.89,3,0
7/23/2009,40017.50698,F2 CL\U09,67.1,1,1
7/23/2009,40017.50698,F2 CL\U09,67.1,1,1
7/23/2009,40017.51046,F2 CL\U09,66.95,1,0
7/23/2009,40017.51047,F2 CL\U09,66.95,2,0
7/23/2009,40017.51393,F2 CL\U09,67.32,1,1
7/23/2009,40017.5175,F2 CL\U09,67.18,1,0
7/23/2009,40017.52435,F2 CL\U09,67.23,1,1
7/23/2009,40017.52435,F2 CL\U09,67.23,1,1
7/23/2009,40017.52787,F2 CL\U09,67.15,1,0
7/23/2009,40017.52788,F2 CL\U09,67.15,1,0
7/23/2009,40017.53129,F2 CL\U09,67.02,1,1
7/23/2009,40017.53129,F2 CL\U09,67.02,1,1
7/23/2009,40017.53129,F2 CL\U09,67.02,1,1
7/23/2009,40017.53476,F2 CL\U09,67.19,1,0
7/23/2009,40017.53476,F2 CL\U09,67.19,1,0
7/23/2009,40017.54171,F2 CL\U09,67.18,1,0
7/23/2009,40017.5455,F2 CL\U09,67.02,3,1
7/23/2009,40017.5455,F2 CL\U09,67.02,1,1
7/23/2009,40017.54869,F2 CL\U09,66.9,2,1
7/23/2009,40017.54869,F2 CL\U09,66.9,1,1
7/23/2009,40017.54869,F2 CL\U09,66.9,1,1
7/23/2009,40017.54869,F2 CL\U09,66.9,1,1
7/23/2009,40017.55212,F2 CL\U09,66.94,1,1
7/23/2009,40017.55567,F2 CL\U09,66.97,1,0
7/23/2009,40017.55567,F2 CL\U09,66.97,1,0
7/23/2009,40017.5557,F2 CL\U09,66.97,3,0
7/23/2009,40017.56258,F2 CL\U09,67.07,3,0
7/23/2009,40017.56258,F2 CL\U09,67.07,2,0
7/23/2009,40017.56952,F2 CL\U09,67.42,2,1
7/23/2009,40017.56952,F2 CL\U09,67.42,1,1
7/23/2009,40017.56952,F2 CL\U09,67.42,1,1
7/23/2009,40017.57646,F2 CL\U09,67.03,1,1
7/23/2009,40017.57646,F2 CL\U09,67.03,1,1
7/23/2009,40017.58056,F2 CL\U09,66.88,1,0
7/23/2009,40017.58338,F2 CL\U09,66.91,1,1
7/23/2009,40017.58718,F2 CL\U09,66.75,6,1
7/23/2009,40017.59032,F2 CL\U09,66.8,3,0
7/23/2009,40017.5938,F2 CL\U09,66.97,1,0
7/23/2009,40017.5938,F2 CL\U09,66.97,1,0
7/23/2009,40017.5938,F2 CL\U09,66.97,1,0
7/23/2009,40017.60428,F2 CL\U09,67.14,4,0
7/23/2009,40017.60768,F2 CL\U09,67.06,1,1
7/23/2009,40017.60768,F2 CL\U09,67.06,1,1
7/23/2009,40017.6114,F2 CL\U09,67.1,3,0
7/23/2009,40017.61695,F2 CL\U09,67.13,2,1
7/23/2009,40017.61848,F2 CL\U09,67.11,1,1
7/23/2009,40017.61849,F2 CL\U09,67.11,1,1
7/23/2009,40017.62533,F2 CL\U09,67.1,4,0
7/23/2009,40017.67903,F2 CL\U09,66.91,6,1
7/23/2009,40017.67903,F2 CL\U09,66.91,1,1
7/23/2009,40017.67903,F2 CL\U09,66.91,1,1
7/23/2009,40017.6806,F2 CL\U09,66.82,1,0
7/23/2009,40017.68407,F2 CL\U09,66.77,1,1
7/23/2009,40017.69128,F2 CL\U09,66.7,2,1
7/23/2009,40017.69458,F2 CL\U09,66.71,1,0
7/23/2009,40017.69797,F2 CL\U09,66.66,1,1
7/23/2009,40017.70145,F2 CL\U09,66.7,1,0
7/24/2009,40018.09038,F2 CL\U09,67,1,0
7/24/2009,40018.09038,F2 CL\U09,67,5,0
7/24/2009,40018.09381,F2 CL\U09,66.96,3,1
7/24/2009,40018.09726,F2 CL\U09,67.1,1,0
7/24/2009,40018.09726,F2 CL\U09,67.09,1,0
7/24/2009,40018.09726,F2 CL\U09,67.09,1,0
7/24/2009,40018.09726,F2 CL\U09,67.09,2,0
7/24/2009,40018.10073,F2 CL\U09,67.09,1,0
7/24/2009,40018.10073,F2 CL\U09,67.09,1,0
7/24/2009,40018.1042,F2 CL\U09,67.08,1,1
7/24/2009,40018.11114,F2 CL\U09,67.06,2,1
7/24/2009,40018.11462,F2 CL\U09,67.05,1,0
7/24/2009,40018.12853,F2 CL\U09,67.03,1,1
7/24/2009,40018.12853,F2 CL\U09,67.03,1,1
7/24/2009,40018.12853,F2 CL\U09,67.03,1,1
7/24/2009,40018.12853,F2 CL\U09,67.03,1,1
7/24/2009,40018.13198,F2 CL\U09,67.01,1,0
7/24/2009,40018.13892,F2 CL\U09,67.07,1,0
7/24/2009,40018.13892,F2 CL\U09,67.06,1,0
7/24/2009,40018.13892,F2 CL\U09,67.06,1,0
7/24/2009,40018.1424,F2 CL\U09,67.08,1,1
7/24/2009,40018.1424,F2 CL\U09,67.08,1,1
7/24/2009,40018.14587,F2 CL\U09,67.07,1,1
7/24/2009,40018.14934,F2 CL\U09,67.07,1,0
7/24/2009,40018.14934,F2 CL\U09,67.07,1,0
7/24/2009,40018.15629,F2 CL\U09,67.16,1,0
7/24/2009,40018.15629,F2 CL\U09,67.16,1,0
7/24/2009,40018.17365,F2 CL\U09,67.38,1,1
7/24/2009,40018.17713,F2 CL\U09,67.57,1,1
7/24/2009,40018.17713,F2 CL\U09,67.59,1,1
7/24/2009,40018.18407,F2 CL\U09,67.62,1,1
7/24/2009,40018.18753,F2 CL\U09,67.47,1,0
7/24/2009,40018.18753,F2 CL\U09,67.46,1,0
7/24/2009,40018.18753,F2 CL\U09,67.46,2,0
7/24/2009,40018.19101,F2 CL\U09,67.51,1,1
7/24/2009,40018.19795,F2 CL\U09,67.5,2,0
7/24/2009,40018.20489,F2 CL\U09,67.47,1,0
7/24/2009,40018.20838,F2 CL\U09,67.51,1,1
7/24/2009,40018.20838,F2 CL\U09,67.52,2,1
7/24/2009,40018.21184,F2 CL\U09,67.6,2,0
7/24/2009,40018.21533,F2 CL\U09,67.62,1,1
7/24/2009,40018.21533,F2 CL\U09,67.63,1,1
7/24/2009,40018.21533,F2 CL\U09,67.63,1,1
7/24/2009,40018.21533,F2 CL\U09,67.63,1,1
7/24/2009,40018.21879,F2 CL\U09,67.36,1,0
7/24/2009,40018.21879,F2 CL\U09,67.36,1,0
7/24/2009,40018.22226,F2 CL\U09,67.22,1,1
7/24/2009,40018.22226,F2 CL\U09,67.23,1,1
7/24/2009,40018.22226,F2 CL\U09,67.23,1,1
7/24/2009,40018.22226,F2 CL\U09,67.23,1,1
7/24/2009,40018.22573,F2 CL\U09,67.31,1,0
7/24/2009,40018.25352,F2 CL\U09,67.42,1,0
7/24/2009,40018.25352,F2 CL\U09,67.42,1,0
7/24/2009,40018.25352,F2 CL\U09,67.42,1,0
7/24/2009,40018.25352,F2 CL\U09,67.42,1,0
7/24/2009,40018.25697,F2 CL\U09,67.42,1,0
7/24/2009,40018.26045,F2 CL\U09,67.48,1,1
7/24/2009,40018.26393,F2 CL\U09,67.53,1,1
7/24/2009,40018.27088,F2 CL\U09,67.37,4,0
7/24/2009,40018.27434,F2 CL\U09,67.32,3,1
7/24/2009,40018.27782,F2 CL\U09,67.3,2,1
7/24/2009,40018.28128,F2 CL\U09,67.33,1,0
7/24/2009,40018.28128,F2 CL\U09,67.33,4,0
7/24/2009,40018.28476,F2 CL\U09,67.33,1,1
7/24/2009,40018.28476,F2 CL\U09,67.33,1,1
7/24/2009,40018.28476,F2 CL\U09,67.33,1,1
7/24/2009,40018.28823,F2 CL\U09,67.32,1,0
7/24/2009,40018.28823,F2 CL\U09,67.32,1,0
7/24/2009,40018.29171,F2 CL\U09,67.24,1,1
7/24/2009,40018.29171,F2 CL\U09,67.25,1,1
7/24/2009,40018.29171,F2 CL\U09,67.25,1,1
7/24/2009,40018.29171,F2 CL\U09,67.25,1,1
7/24/2009,40018.29171,F2 CL\U09,67.25,1,1
7/24/2009,40018.29171,F2 CL\U09,67.26,1,1
7/24/2009,40018.29517,F2 CL\U09,67.33,1,0
7/24/2009,40018.29517,F2 CL\U09,67.33,1,0
7/24/2009,40018.29517,F2 CL\U09,67.33,1,0
7/24/2009,40018.29865,F2 CL\U09,67.31,1,1
7/24/2009,40018.29865,F2 CL\U09,67.31,2,1
7/24/2009,40018.30212,F2 CL\U09,67.3,1,0
7/24/2009,40018.30212,F2 CL\U09,67.3,1,0
7/24/2009,40018.30212,F2 CL\U09,67.3,1,0
7/24/2009,40018.30906,F2 CL\U09,67.29,2,1
7/24/2009,40018.30906,F2 CL\U09,67.29,1,1
7/24/2009,40018.32295,F2 CL\U09,66.95,1,1
7/24/2009,40018.32996,F2 CL\U09,67.16,2,0
7/24/2009,40018.32996,F2 CL\U09,67.16,3,0
7/24/2009,40018.33337,F2 CL\U09,67.1,1,1
7/24/2009,40018.33337,F2 CL\U09,67.1,1,1
7/24/2009,40018.33337,F2 CL\U09,67.1,1,1
7/24/2009,40018.33337,F2 CL\U09,67.1,1,1
7/24/2009,40018.34032,F2 CL\U09,66.82,1,1
7/24/2009,40018.35074,F2 CL\U09,66.77,1,1
7/24/2009,40018.35074,F2 CL\U09,66.77,1,1
7/24/2009,40018.35074,F2 CL\U09,66.77,1,1
7/24/2009,40018.35074,F2 CL\U09,66.77,1,1
7/24/2009,40018.35074,F2 CL\U09,66.77,1,1
7/24/2009,40018.35607,F2 CL\U09,66.95,1,0
7/24/2009,40018.35607,F2 CL\U09,66.95,3,0
7/24/2009,40018.36137,F2 CL\U09,67.22,2,0
7/24/2009,40018.37853,F2 CL\U09,66.98,1,1
7/24/2009,40018.37853,F2 CL\U09,66.98,1,1
7/24/2009,40018.38546,F2 CL\U09,67.11,1,0
7/24/2009,40018.38546,F2 CL\U09,67.11,1,0
7/24/2009,40018.38546,F2 CL\U09,67.11,2,0
7/24/2009,40018.38546,F2 CL\U09,67.11,2,0
7/24/2009,40018.38892,F2 CL\U09,67.02,4,1
7/24/2009,40018.3994,F2 CL\U09,67.2,1,0
7/24/2009,40018.40281,F2 CL\U09,67.13,1,0
7/24/2009,40018.40281,F2 CL\U09,67.13,2,0
7/24/2009,40018.40721,F2 CL\U09,67.42,1,1
7/24/2009,40018.40977,F2 CL\U09,67.24,4,1
7/24/2009,40018.41324,F2 CL\U09,67.16,1,0
7/24/2009,40018.41324,F2 CL\U09,67.16,1,0
7/24/2009,40018.41324,F2 CL\U09,67.16,1,0
7/24/2009,40018.41324,F2 CL\U09,67.16,1,0
7/24/2009,40018.4167,F2 CL\U09,66.89,1,1
7/24/2009,40018.4167,F2 CL\U09,66.89,1,1
7/24/2009,40018.4167,F2 CL\U09,66.89,1,1
7/24/2009,40018.4167,F2 CL\U09,66.89,1,1
7/24/2009,40018.42018,F2 CL\U09,66.75,2,1
7/24/2009,40018.42018,F2 CL\U09,66.75,1,1
7/24/2009,40018.42018,F2 CL\U09,66.75,1,1
7/24/2009,40018.42712,F2 CL\U09,66.9,1,0
7/24/2009,40018.42712,F2 CL\U09,66.9,2,0
7/24/2009,40018.4306,F2 CL\U09,66.93,1,0
7/24/2009,40018.43406,F2 CL\U09,67.01,1,0
7/24/2009,40018.44449,F2 CL\U09,66.92,1,1
7/24/2009,40018.44449,F2 CL\U09,66.92,1,1
7/24/2009,40018.44795,F2 CL\U09,66.92,1,0
7/24/2009,40018.45143,F2 CL\U09,67.07,1,0
7/24/2009,40018.4549,F2 CL\U09,67,1,1
7/24/2009,40018.4549,F2 CL\U09,67,1,1
7/24/2009,40018.46186,F2 CL\U09,67.07,1,0
7/24/2009,40018.46186,F2 CL\U09,67.06,1,0
7/24/2009,40018.47226,F2 CL\U09,67.43,1,0
7/24/2009,40018.47226,F2 CL\U09,67.43,1,0
7/24/2009,40018.47226,F2 CL\U09,67.43,1,0
7/24/2009,40018.47574,F2 CL\U09,67.43,1,0
7/24/2009,40018.48267,F2 CL\U09,67.26,1,1
7/24/2009,40018.48267,F2 CL\U09,67.26,1,1
7/24/2009,40018.48267,F2 CL\U09,67.26,1,1
7/24/2009,40018.48267,F2 CL\U09,67.26,1,1
7/24/2009,40018.4931,F2 CL\U09,67.35,1,0
7/24/2009,40018.4931,F2 CL\U09,67.35,1,0
7/24/2009,40018.4931,F2 CL\U09,67.35,1,0
7/24/2009,40018.50005,F2 CL\U09,67.55,1,1
7/24/2009,40018.50005,F2 CL\U09,67.55,1,1
7/24/2009,40018.50005,F2 CL\U09,67.55,1,1
7/24/2009,40018.50357,F2 CL\U09,67.4,1,0
7/24/2009,40018.50515,F2 CL\U09,67.4,1,0
7/24/2009,40018.50515,F2 CL\U09,67.4,1,0
7/24/2009,40018.51393,F2 CL\U09,67.22,3,1
7/24/2009,40018.51741,F2 CL\U09,67.28,1,0
7/24/2009,40018.52087,F2 CL\U09,67.36,1,0
7/24/2009,40018.52088,F2 CL\U09,67.36,1,0
7/24/2009,40018.52088,F2 CL\U09,67.36,1,0
7/24/2009,40018.54171,F2 CL\U09,67.39,1,0
7/24/2009,40018.54171,F2 CL\U09,67.39,1,0
7/24/2009,40018.54171,F2 CL\U09,67.38,1,0
7/24/2009,40018.54865,F2 CL\U09,67.37,1,1
7/24/2009,40018.54865,F2 CL\U09,67.37,1,1
7/24/2009,40018.54865,F2 CL\U09,67.37,1,1
7/24/2009,40018.5556,F2 CL\U09,67.53,1,1
7/24/2009,40018.5556,F2 CL\U09,67.54,1,1
7/24/2009,40018.5556,F2 CL\U09,67.54,1,1
7/24/2009,40018.56263,F2 CL\U09,67.64,1,1
7/24/2009,40018.56601,F2 CL\U09,67.87,1,1
7/24/2009,40018.56949,F2 CL\U09,67.87,1,0
7/24/2009,40018.57299,F2 CL\U09,67.76,2,0
7/24/2009,40018.57643,F2 CL\U09,67.9,1,1
7/24/2009,40018.57643,F2 CL\U09,67.9,1,1
7/24/2009,40018.58337,F2 CL\U09,68.08,1,0
7/24/2009,40018.59379,F2 CL\U09,68.08,1,0
7/24/2009,40018.59736,F2 CL\U09,67.97,3,0
7/24/2009,40018.60198,F2 CL\U09,67.99,1,0
7/24/2009,40018.6042,F2 CL\U09,68.04,4,1
7/24/2009,40018.60768,F2 CL\U09,67.9,3,0
7/24/2009,40018.60768,F2 CL\U09,67.9,1,0
7/24/2009,40018.61115,F2 CL\U09,67.87,1,1
7/24/2009,40018.61115,F2 CL\U09,67.87,1,1
7/24/2009,40018.61115,F2 CL\U09,67.87,1,1
7/24/2009,40018.61115,F2 CL\U09,67.87,1,1
7/24/2009,40018.61115,F2 CL\U09,67.87,1,1
7/24/2009,40018.61463,F2 CL\U09,67.92,3,0
7/24/2009,40018.6181,F2 CL\U09,67.93,1,1
7/24/2009,40018.62157,F2 CL\U09,67.88,1,0
7/24/2009,40018.62505,F2 CL\U09,67.97,1,1
7/24/2009,40018.63198,F2 CL\U09,67.84,1,0
7/24/2009,40018.63546,F2 CL\U09,67.95,1,1
7/24/2009,40018.64588,F2 CL\U09,68.02,1,1
7/24/2009,40018.66323,F2 CL\U09,68.11,1,1
7/24/2009,40018.66687,F2 CL\U09,68.08,1,0
7/24/2009,40018.67018,F2 CL\U09,68.15,1,1
7/24/2009,40018.67713,F2 CL\U09,68.06,1,0
7/24/2009,40018.67713,F2 CL\U09,68.06,2,0
7/27/2009,40021.10767,F2 CL\U09,68.91,1,0
7/27/2009,40021.12853,F2 CL\U09,68.85,1,0
7/27/2009,40021.12853,F2 CL\U09,68.85,1,0
7/27/2009,40021.13198,F2 CL\U09,68.81,1,0
7/27/2009,40021.13892,F2 CL\U09,68.83,1,1
7/27/2009,40021.13892,F2 CL\U09,68.83,1,1
7/27/2009,40021.13892,F2 CL\U09,68.84,1,1
7/27/2009,40021.14239,F2 CL\U09,68.75,1,0
7/27/2009,40021.14239,F2 CL\U09,68.74,1,0
7/27/2009,40021.14239,F2 CL\U09,68.74,1,0
7/27/2009,40021.14239,F2 CL\U09,68.74,2,0
7/27/2009,40021.14934,F2 CL\U09,68.76,3,1
7/27/2009,40021.15281,F2 CL\U09,68.68,2,0
7/27/2009,40021.15975,F2 CL\U09,68.57,1,1
7/27/2009,40021.15975,F2 CL\U09,68.57,1,1
7/27/2009,40021.15975,F2 CL\U09,68.57,1,1
7/27/2009,40021.15975,F2 CL\U09,68.57,1,1
7/27/2009,40021.15975,F2 CL\U09,68.57,2,1
7/27/2009,40021.16698,F2 CL\U09,68.72,1,0
7/27/2009,40021.16704,F2 CL\U09,68.72,1,0
7/27/2009,40021.16705,F2 CL\U09,68.72,1,0
7/27/2009,40021.16706,F2 CL\U09,68.72,1,0
7/27/2009,40021.17364,F2 CL\U09,68.63,1,0
7/27/2009,40021.18765,F2 CL\U09,68.61,1,1
7/27/2009,40021.18766,F2 CL\U09,68.61,1,1
7/27/2009,40021.18766,F2 CL\U09,68.61,1,1
7/27/2009,40021.18766,F2 CL\U09,68.61,1,1
7/27/2009,40021.18766,F2 CL\U09,68.61,1,1
7/27/2009,40021.19101,F2 CL\U09,68.63,1,0
7/27/2009,40021.19101,F2 CL\U09,68.63,1,0
7/27/2009,40021.19101,F2 CL\U09,68.63,1,0
7/27/2009,40021.19101,F2 CL\U09,68.63,1,0
7/27/2009,40021.19101,F2 CL\U09,68.63,1,0
7/27/2009,40021.19448,F2 CL\U09,68.64,1,1
7/27/2009,40021.19448,F2 CL\U09,68.64,1,1
7/27/2009,40021.19795,F2 CL\U09,68.7,1,0
7/27/2009,40021.21532,F2 CL\U09,68.63,1,0
7/27/2009,40021.21879,F2 CL\U09,68.67,1,0
7/27/2009,40021.22225,F2 CL\U09,68.71,1,1
7/27/2009,40021.22225,F2 CL\U09,68.7,1,1
7/27/2009,40021.22921,F2 CL\U09,68.67,1,0
7/27/2009,40021.23268,F2 CL\U09,68.59,2,1
7/27/2009,40021.23268,F2 CL\U09,68.6,1,1
7/27/2009,40021.23268,F2 CL\U09,68.6,1,1
7/27/2009,40021.23268,F2 CL\U09,68.6,1,1
7/27/2009,40021.23647,F2 CL\U09,68.64,1,0
7/27/2009,40021.23647,F2 CL\U09,68.64,4,0
7/27/2009,40021.24656,F2 CL\U09,68.59,1,1
7/27/2009,40021.24656,F2 CL\U09,68.59,1,1
7/27/2009,40021.24656,F2 CL\U09,68.59,3,1
7/27/2009,40021.26393,F2 CL\U09,68.51,1,1
7/27/2009,40021.26393,F2 CL\U09,68.51,1,1
7/27/2009,40021.2674,F2 CL\U09,68.54,1,0
7/27/2009,40021.2674,F2 CL\U09,68.54,1,0
7/27/2009,40021.2674,F2 CL\U09,68.54,1,0
7/27/2009,40021.27087,F2 CL\U09,68.53,1,1
7/27/2009,40021.27434,F2 CL\U09,68.55,1,0
7/27/2009,40021.27781,F2 CL\U09,68.6,2,0
7/27/2009,40021.28823,F2 CL\U09,68.56,1,0
7/27/2009,40021.29518,F2 CL\U09,68.64,1,1
7/27/2009,40021.29518,F2 CL\U09,68.64,1,1
7/27/2009,40021.30212,F2 CL\U09,68.61,1,0
7/27/2009,40021.31253,F2 CL\U09,68.7,1,0
7/27/2009,40021.31601,F2 CL\U09,68.66,1,1
7/27/2009,40021.31601,F2 CL\U09,68.66,1,1
7/27/2009,40021.32295,F2 CL\U09,68.6,1,0
7/27/2009,40021.32295,F2 CL\U09,68.59,1,0
7/27/2009,40021.32643,F2 CL\U09,68.63,1,1
7/27/2009,40021.32643,F2 CL\U09,68.63,1,1
7/27/2009,40021.3299,F2 CL\U09,68.7,1,0
7/27/2009,40021.33338,F2 CL\U09,68.67,1,1
7/27/2009,40021.33684,F2 CL\U09,68.5,1,0
7/27/2009,40021.33684,F2 CL\U09,68.5,1,0
7/27/2009,40021.34032,F2 CL\U09,68.32,1,1
7/27/2009,40021.34032,F2 CL\U09,68.32,1,1
7/27/2009,40021.34034,F2 CL\U09,68.32,7,1
7/27/2009,40021.34726,F2 CL\U09,68.28,1,1
7/27/2009,40021.35073,F2 CL\U09,68.32,2,0
7/27/2009,40021.35421,F2 CL\U09,68.13,1,1
7/27/2009,40021.35421,F2 CL\U09,68.13,1,1
7/27/2009,40021.36462,F2 CL\U09,68.37,1,0
7/27/2009,40021.36462,F2 CL\U09,68.37,1,0
7/27/2009,40021.36809,F2 CL\U09,68.28,1,1
7/27/2009,40021.37157,F2 CL\U09,68.33,1,0
7/27/2009,40021.37503,F2 CL\U09,68.46,1,0
7/27/2009,40021.37503,F2 CL\U09,68.46,1,0
7/27/2009,40021.37503,F2 CL\U09,68.45,1,0
7/27/2009,40021.37503,F2 CL\U09,68.45,1,0
7/27/2009,40021.37503,F2 CL\U09,68.45,1,0
7/27/2009,40021.37851,F2 CL\U09,68.59,1,0
7/27/2009,40021.37851,F2 CL\U09,68.58,1,0
7/27/2009,40021.38895,F2 CL\U09,68.44,1,1
7/27/2009,40021.38895,F2 CL\U09,68.44,1,1
7/27/2009,40021.39594,F2 CL\U09,68.27,6,1
7/27/2009,40021.4029,F2 CL\U09,68.08,1,0
7/27/2009,40021.4029,F2 CL\U09,68.08,1,0
7/27/2009,40021.4029,F2 CL\U09,68.08,1,0
7/27/2009,40021.40645,F2 CL\U09,68,1,1
7/27/2009,40021.41117,F2 CL\U09,67.88,2,1
7/27/2009,40021.4202,F2 CL\U09,68.42,1,0
7/27/2009,40021.4202,F2 CL\U09,68.42,1,0
7/27/2009,40021.4202,F2 CL\U09,68.42,1,0
7/27/2009,40021.4202,F2 CL\U09,68.42,1,0
7/27/2009,40021.42367,F2 CL\U09,68.32,3,1
7/27/2009,40021.42717,F2 CL\U09,67.96,1,0
7/27/2009,40021.43063,F2 CL\U09,68,1,1
7/27/2009,40021.44449,F2 CL\U09,67.74,1,1
7/27/2009,40021.45143,F2 CL\U09,68,1,0
7/27/2009,40021.45143,F2 CL\U09,68,1,0
7/27/2009,40021.4688,F2 CL\U09,68.19,1,1
7/27/2009,40021.47577,F2 CL\U09,68.2,1,1
7/27/2009,40021.47928,F2 CL\U09,68.19,1,0
7/27/2009,40021.48268,F2 CL\U09,68.29,1,1
7/27/2009,40021.48615,F2 CL\U09,68.14,1,0
7/27/2009,40021.4923,F2 CL\U09,68.19,1,1
7/27/2009,40021.4931,F2 CL\U09,68.11,4,0
7/27/2009,40021.4931,F2 CL\U09,68.11,1,0
7/27/2009,40021.49661,F2 CL\U09,68.2,5,1
7/27/2009,40021.50005,F2 CL\U09,68.13,1,0
7/27/2009,40021.50005,F2 CL\U09,68.13,1,0
7/27/2009,40021.50005,F2 CL\U09,68.13,1,0
7/27/2009,40021.50005,F2 CL\U09,68.13,1,0
7/27/2009,40021.50005,F2 CL\U09,68.13,1,0
7/27/2009,40021.50698,F2 CL\U09,68.15,5,1
7/27/2009,40021.52436,F2 CL\U09,68.03,3,0
7/27/2009,40021.52436,F2 CL\U09,68.03,2,0
7/27/2009,40021.53477,F2 CL\U09,67.94,1,1
7/27/2009,40021.53477,F2 CL\U09,67.94,2,1
7/27/2009,40021.54518,F2 CL\U09,67.87,1,1
7/27/2009,40021.54518,F2 CL\U09,67.87,1,1
7/27/2009,40021.54518,F2 CL\U09,67.87,1,1
7/27/2009,40021.55213,F2 CL\U09,67.87,1,0
7/27/2009,40021.55592,F2 CL\U09,67.85,1,1
7/27/2009,40021.56103,F2 CL\U09,67.91,4,0
7/27/2009,40021.5662,F2 CL\U09,68.03,2,0
7/27/2009,40021.5662,F2 CL\U09,68.03,1,0
7/27/2009,40021.56949,F2 CL\U09,68.15,2,1
7/27/2009,40021.56949,F2 CL\U09,68.15,1,1
7/27/2009,40021.56949,F2 CL\U09,68.15,2,1
7/27/2009,40021.57315,F2 CL\U09,68.09,3,0
7/27/2009,40021.57315,F2 CL\U09,68.09,2,0
7/27/2009,40021.57648,F2 CL\U09,68.24,4,1
7/27/2009,40021.57652,F2 CL\U09,68.24,1,1
7/27/2009,40021.59727,F2 CL\U09,68.45,1,0
7/27/2009,40021.59727,F2 CL\U09,68.45,1,0
7/27/2009,40021.60074,F2 CL\U09,68.41,1,0
7/27/2009,40021.60421,F2 CL\U09,68.36,2,1
7/27/2009,40021.60421,F2 CL\U09,68.36,2,1
7/27/2009,40021.64588,F2 CL\U09,68.27,1,0
7/27/2009,40021.67018,F2 CL\U09,68.32,1,1
7/27/2009,40021.67451,F2 CL\U09,68.3,1,0
7/27/2009,40021.67724,F2 CL\U09,68.32,1,1
7/27/2009,40021.6806,F2 CL\U09,68.24,1,0
7/27/2009,40021.68755,F2 CL\U09,68.21,1,0
7/27/2009,40021.68841,F2 CL\U09,68.21,1,0
7/27/2009,40021.70247,F2 CL\U09,68.19,3,0
7/28/2009,40022.25703,F2 CL\U09,68.33,1,1
7/28/2009,40022.25706,F2 CL\U09,68.33,1,1
7/28/2009,40022.26055,F2 CL\U09,68.39,1,1
7/28/2009,40022.27087,F2 CL\U09,68.28,1,1
7/28/2009,40022.27622,F2 CL\U09,68.36,1,0
7/28/2009,40022.28131,F2 CL\U09,68.28,1,1
7/28/2009,40022.28477,F2 CL\U09,68.32,1,0
7/28/2009,40022.29865,F2 CL\U09,68.29,1,1
7/28/2009,40022.30211,F2 CL\U09,68.29,2,0
7/28/2009,40022.30559,F2 CL\U09,68.16,1,0
7/28/2009,40022.31948,F2 CL\U09,68.02,1,0
7/28/2009,40022.32644,F2 CL\U09,67.94,1,1
7/28/2009,40022.33337,F2 CL\U09,67.69,2,1
7/28/2009,40022.33687,F2 CL\U09,67.69,1,1
7/28/2009,40022.34031,F2 CL\U09,67.81,1,0
7/28/2009,40022.34726,F2 CL\U09,67.8,1,1
7/28/2009,40022.35074,F2 CL\U09,67.74,1,1
7/28/2009,40022.35421,F2 CL\U09,67.6,1,0
7/28/2009,40022.35799,F2 CL\U09,67.74,1,0
7/28/2009,40022.3612,F2 CL\U09,67.65,1,1
7/28/2009,40022.36463,F2 CL\U09,67.8,1,0
7/28/2009,40022.37156,F2 CL\U09,67.89,1,0
7/28/2009,40022.37156,F2 CL\U09,67.89,1,0
7/28/2009,40022.37156,F2 CL\U09,67.89,1,0
7/28/2009,40022.37583,F2 CL\U09,67.93,1,0
7/28/2009,40022.37583,F2 CL\U09,67.93,1,0
7/28/2009,40022.38578,F2 CL\U09,67.85,2,1
7/28/2009,40022.38893,F2 CL\U09,67.65,1,1
7/28/2009,40022.38898,F2 CL\U09,67.65,1,1
7/28/2009,40022.38932,F2 CL\U09,67.65,1,1
7/28/2009,40022.38936,F2 CL\U09,67.65,1,1
7/28/2009,40022.3924,F2 CL\U09,67.38,3,0
7/28/2009,40022.39587,F2 CL\U09,67.21,1,1
7/28/2009,40022.39587,F2 CL\U09,67.21,1,1
7/28/2009,40022.40281,F2 CL\U09,67.5,1,0
7/28/2009,40022.40281,F2 CL\U09,67.5,1,0
7/28/2009,40022.40281,F2 CL\U09,67.5,1,0
7/28/2009,40022.42023,F2 CL\U09,67.33,1,1
7/28/2009,40022.42023,F2 CL\U09,67.33,1,1
7/28/2009,40022.42365,F2 CL\U09,66.87,1,1
7/28/2009,40022.42714,F2 CL\U09,66.68,1,0
7/28/2009,40022.42715,F2 CL\U09,66.68,1,0
7/28/2009,40022.4306,F2 CL\U09,66.72,2,1
7/28/2009,40022.43786,F2 CL\U09,66.65,3,0
7/28/2009,40022.44796,F2 CL\U09,66.88,2,1
7/28/2009,40022.44796,F2 CL\U09,66.88,1,1
7/28/2009,40022.45142,F2 CL\U09,66.95,2,0
7/28/2009,40022.45837,F2 CL\U09,67.04,1,0
7/28/2009,40022.46185,F2 CL\U09,66.92,1,1
7/28/2009,40022.46532,F2 CL\U09,66.72,3,1
7/28/2009,40022.46897,F2 CL\U09,66.72,1,0
7/28/2009,40022.4731,F2 CL\U09,66.95,1,0
7/28/2009,40022.4731,F2 CL\U09,66.95,3,0
7/28/2009,40022.47573,F2 CL\U09,66.87,2,1
